key,text,tag,file,type,protected_text,translated
RV2Interactions_Tab,Interactions,RV2Interactions_Tab,RV2_RutSettings_Keys.xml,keyed,Interactions,互动
RV2Interaction_Settings_InteractionChance,Interaction chance,RV2Interaction_Settings_InteractionChance,RV2_RutSettings_Keys.xml,keyed,Interaction chance,互动几率
RV2Interaction_Settings_InteractionChanceTip,"How likely predator and prey will interact with each other, each vore-tick.",RV2Interaction_Settings_InteractionChanceTip,RV2_RutSettings_Keys.xml,keyed,"How likely predator and prey will interact with each other, each <ALIMT >vore</ALIMT>-tick.",捕食者和猎物相互影响的可能性吃人-Tick 一下。
RV2Interaction_Settings_MultiPreyModifier,Multi-prey modifier,RV2Interaction_Settings_MultiPreyModifier,RV2_RutSettings_Keys.xml,keyed,Multi-prey modifier,多猎物修改器
RV2Interaction_Settings_MultiPreyModifier_Tip,"Interation odds are lowered if the pred has multiple prey. At 100%, each prey lowers interaction odds by a factor of 1, keeping the total chance for an interaction to the base chance.\n\nNote that preds can potentaly interact with multiple prey at once.",RV2Interaction_Settings_MultiPreyModifier_Tip,RV2_RutSettings_Keys.xml,keyed,"Interation odds are lowered if the pred has multiple prey. At 100%, each prey lowers interaction odds by a factor of 1, keeping the total chance for an interaction to the base chance.<ALIMT >(PH_2)</ALIMT><ALIMT >(PH_1)</ALIMT>Note that preds can potentaly interact with multiple prey at once.","如果 pred 有多个猎物，互动几率会降低。在 100% 处，每只猎物都将交互几率降低 1 倍，使交互的总几率与基础几率一致。

请注意，preds 可以同时与多个猎物有效地互动。"
RV2Interaction_Settings_OpinionModifier,Opinion modifier,RV2Interaction_Settings_OpinionModifier,RV2_RutSettings_Keys.xml,keyed,Opinion modifier,看法修改器
RV2Interaction_Settings_OpinionModifierTip,"How much the pred and prey's opinion of each other affect interaction odds. 100% doubles odds at 100 opinion, and halves at -100.",RV2Interaction_Settings_OpinionModifierTip,RV2_RutSettings_Keys.xml,keyed,"How much the pred and prey's opinion of each other affect interaction odds. 100% doubles odds at 100 opinion, and halves at -100.",Pred 和猎物对彼此的看法会影响互动几率。100% 以 100 的观点加倍赔率，以-100 减半。
RV2Interaction_Settings_BaseOpinionMod,Opinion offset,RV2Interaction_Settings_BaseOpinionMod,RV2_RutSettings_Keys.xml,keyed,Opinion offset,意见偏移
RV2Interaction_Settings_BaseOpinionMod_Tip,"How much to offset the predator and prey's opinion of each other, when determining what interactions to use. High opinion leads to more amicable interactions. Does not affect their base opinions of each other.",RV2Interaction_Settings_BaseOpinionMod_Tip,RV2_RutSettings_Keys.xml,keyed,"How much to offset the predator and prey's opinion of each other, when determining what interactions to use. High opinion leads to more amicable interactions. Does not affect their base opinions of each other.",在决定使用什么交互作用时，捕食者和猎物对彼此的看法抵消了多少。高评价会带来更友好的互动。不影响双方的基本看法。
RV2Interaction_Settings_KindOpinionMod,Kind modifier,RV2Interaction_Settings_KindOpinionMod,RV2_RutSettings_Keys.xml,keyed,Kind modifier,种类修改器
RV2Interaction_Settings_KindOpinionMod_Tip,How much opinion to add if either the pred or prey have the Kind trait.,RV2Interaction_Settings_KindOpinionMod_Tip,RV2_RutSettings_Keys.xml,keyed,How much opinion to add if either the pred or prey have the Kind trait.,如果 pred 或猎物具有善良特性，需要增加多少意见。
RV2Interaction_Settings_SkillOpinionMod,Skill modifier,RV2Interaction_Settings_SkillOpinionMod,RV2_RutSettings_Keys.xml,keyed,Skill modifier,技能修改器
RV2Interaction_Settings_SkillOpinionMod_Tip,How much opinion to add for the pred or prey's skills in Social or Animals. Maxes out to this value at level 20.,RV2Interaction_Settings_SkillOpinionMod_Tip,RV2_RutSettings_Keys.xml,keyed,How much opinion to add for the pred or prey's skills in Social or Animals. Maxes out to this value at level 20.,对 pred 或猎物的社交技能或动物技能的看法。最大值为 20 级。
RV2I_Prey_AnimalNuzzle.stages.0.label,nuzzled from inside,label,ThoughtDefs\Thoughts_Situation_Vore.xml,def,nuzzled from inside,从里面被亲昵
RV2I_Prey_AnimalNuzzle.stages.0.description,My prey nuzzled me.,description,ThoughtDefs\Thoughts_Situation_Vore.xml,def,My prey nuzzled me.,我的猎物蹭了我。
RV2I_Predator_AnimalNuzzle.stages.0.label,nuzzled by predator,label,ThoughtDefs\Thoughts_Situation_Vore.xml,def,nuzzled by predator,被捕食者亲昵
RV2I_Predator_AnimalNuzzle.stages.0.description,My predator kept nuzzling me.,description,ThoughtDefs\Thoughts_Situation_Vore.xml,def,My predator kept nuzzling me.,我的捕食者一直亲昵我。
RV2I_Squirm_Pred.stages.0.label,squirming prey,label,ThoughtDefs\Thoughts_Situation_Vore.xml,def,squirming prey,蠕动猎物
RV2I_Squirm_Pred.stages.0.description,Always feels nice to have a squirmer.,description,ThoughtDefs\Thoughts_Situation_Vore.xml,def,Always feels nice to have a squirmer.,有松鼠感觉真好。
RV2I_Squirm_Prey.stages.0.label,squirmer,label,ThoughtDefs\Thoughts_Situation_Vore.xml,def,squirmer,松鼠
RV2I_Squirm_Prey.stages.0.description,Always feels nice to mess with a pred.,description,ThoughtDefs\Thoughts_Situation_Vore.xml,def,Always feels nice to mess with a pred.,惹上 pred 的感觉真好。
RV2I_Comfort.stages.0.label,comforted,label,ThoughtDefs\Thoughts_Situation_Vore.xml,def,comforted,得到安慰
RV2I_Comfort.stages.0.description,Nice preds are the best.,description,ThoughtDefs\Thoughts_Situation_Vore.xml,def,Nice preds are the best.,漂亮的孩子是最好的。
RV2I_Chitchat.logRulesInitiator.rulesStrings.0,r_logentry->[INITIATOR_nameDef] and [RECIPIENT_nameDef] [talkedabout] [TalkTopicLight].,li,VoreInteractionDefs\InteractionDefs_VoreSocials.xml,def,<ALIMT >(PH_5)</ALIMT><ALIMT >(PH_4)</ALIMT> and <ALIMT >(PH_3)</ALIMT> <ALIMT >(PH_2)</ALIMT> <ALIMT >(PH_1)</ALIMT>.,r_logentry->[INITIATOR_nameDef]和[RECIPIENT_nameDef][talkedabout][TalkTopicLight]没有。
RV2I_Chitchat.logRulesInitiator.rulesStrings.1,r_logentry->[INITIATOR_nameDef] [talkedabout] [TalkTopicLight] with [RECIPIENT_nameDef].,li,VoreInteractionDefs\InteractionDefs_VoreSocials.xml,def,<ALIMT >(PH_5)</ALIMT><ALIMT >(PH_4)</ALIMT> <ALIMT >(PH_3)</ALIMT> <ALIMT >(PH_2)</ALIMT> with <ALIMT >(PH_1)</ALIMT>.,r_logentry->[INITIATOR_nameDef][talkedabout][TalkTopicLight]伴[RECIPIENT_nameDef]没有。
RV2I_Chitchat.logRulesInitiator.rulesStrings.2,r_logentry(p=0.8)->[INITIATOR_nameDef] [teaseadd][teaseask] [RECIPIENT_nameDef] about [teasesubject].,li,VoreInteractionDefs\InteractionDefs_VoreSocials.xml,def,<ALIMT >(PH_6)</ALIMT>-><ALIMT >(PH_5)</ALIMT> <ALIMT >(PH_4)</ALIMT><ALIMT >(PH_3)</ALIMT> <ALIMT >(PH_2)</ALIMT> about <ALIMT >(PH_1)</ALIMT>.,r_logentry(p=0.8)->[INITIATOR_nameDef][teaseadd][teaseask][RECIPIENT_nameDef]关于[teasesubject]没有。
RV2I_Chitchat.logRulesInitiator.rulesStrings.3,r_logentry(p=2)->[INITIATOR_nameDef] [check] [internal].,li,VoreInteractionDefs\InteractionDefs_VoreSocials.xml,def,<ALIMT >(PH_4)</ALIMT>-><ALIMT >(PH_3)</ALIMT> <ALIMT >(PH_2)</ALIMT> <ALIMT >(PH_1)</ALIMT>.,r_logentry(p=2)->[INITIATOR_nameDef][check][internal]没有。
RV2I_Chitchat.logRulesInitiator.rulesStrings.4,talkedabout(p=4)->chatted about,li,VoreInteractionDefs\InteractionDefs_VoreSocials.xml,def,<ALIMT >(PH_1)</ALIMT>->chatted about,talkedabout(p=4)-> 聊了聊
RV2I_Chitchat.logRulesInitiator.rulesStrings.5,talkedabout->shared a word about,li,VoreInteractionDefs\InteractionDefs_VoreSocials.xml,def,<ALIMT >(PH_1)</ALIMT>shared a word about,talkedabout->交流
RV2I_Chitchat.logRulesInitiator.rulesStrings.6,talkedabout->spoke about,li,VoreInteractionDefs\InteractionDefs_VoreSocials.xml,def,<ALIMT >(PH_1)</ALIMT>spoke about,talkedabout->谈论
RV2I_Chitchat.logRulesInitiator.rulesStrings.7,talkedabout->gabbed about,li,VoreInteractionDefs\InteractionDefs_VoreSocials.xml,def,<ALIMT >(PH_1)</ALIMT>gabbed about,talkedabout->开玩笑地说到
RV2I_Chitchat.logRulesInitiator.rulesStrings.8,talkedabout->talked about,li,VoreInteractionDefs\InteractionDefs_VoreSocials.xml,def,<ALIMT >(PH_1)</ALIMT>talked about,talkedabout->谈论
RV2I_Chitchat.logRulesInitiator.rulesStrings.9,talkedabout->joked about,li,VoreInteractionDefs\InteractionDefs_VoreSocials.xml,def,<ALIMT >(PH_1)</ALIMT>joked about,talkedabout->开玩笑说
RV2I_Chitchat.logRulesInitiator.rulesStrings.10,talkedabout->quipped about,li,VoreInteractionDefs\InteractionDefs_VoreSocials.xml,def,<ALIMT >(PH_1)</ALIMT>quipped about,talkedabout->说了几句
RV2I_Chitchat.logRulesInitiator.rulesStrings.11,talkedabout(p=4)->chatted about,li,VoreInteractionDefs\InteractionDefs_VoreSocials.xml,def,<ALIMT >(PH_1)</ALIMT>->chatted about,talkedabout(p=4)-> 聊了聊
RV2I_Chitchat.logRulesInitiator.rulesStrings.12,talkedabout->shared a word about,li,VoreInteractionDefs\InteractionDefs_VoreSocials.xml,def,<ALIMT >(PH_1)</ALIMT>shared a word about,talkedabout->交流
RV2I_Chitchat.logRulesInitiator.rulesStrings.13,talkedabout->spoke about,li,VoreInteractionDefs\InteractionDefs_VoreSocials.xml,def,<ALIMT >(PH_1)</ALIMT>spoke about,talkedabout->谈论
RV2I_Chitchat.logRulesInitiator.rulesStrings.14,talkedabout->gabbed about,li,VoreInteractionDefs\InteractionDefs_VoreSocials.xml,def,<ALIMT >(PH_1)</ALIMT>gabbed about,talkedabout->开玩笑地说到
RV2I_Chitchat.logRulesInitiator.rulesStrings.15,talkedabout->talked about,li,VoreInteractionDefs\InteractionDefs_VoreSocials.xml,def,<ALIMT >(PH_1)</ALIMT>talked about,talkedabout->谈论
RV2I_Chitchat.logRulesInitiator.rulesStrings.16,talkedabout->joked about,li,VoreInteractionDefs\InteractionDefs_VoreSocials.xml,def,<ALIMT >(PH_1)</ALIMT>joked about,talkedabout->开玩笑说
RV2I_Chitchat.logRulesInitiator.rulesStrings.17,talkedabout->quipped about,li,VoreInteractionDefs\InteractionDefs_VoreSocials.xml,def,<ALIMT >(PH_1)</ALIMT>quipped about,talkedabout->说了几句
RV2I_Chitchat.logRulesInitiator.rulesStrings.18,teaseadd->playfully,li,VoreInteractionDefs\InteractionDefs_VoreSocials.xml,def,<ALIMT >(PH_1)</ALIMT>playfully,teaseadd->顽皮
RV2I_Chitchat.logRulesInitiator.rulesStrings.19,teaseadd->harmlessly,li,VoreInteractionDefs\InteractionDefs_VoreSocials.xml,def,<ALIMT >(PH_1)</ALIMT>harmlessly,teaseadd->无害
RV2I_Chitchat.logRulesInitiator.rulesStrings.20,teaseadd->,li,VoreInteractionDefs\InteractionDefs_VoreSocials.xml,def,<ALIMT >(PH_1)</ALIMT>,teaseadd->
RV2I_Chitchat.logRulesInitiator.rulesStrings.21,teaseadd->,li,VoreInteractionDefs\InteractionDefs_VoreSocials.xml,def,<ALIMT >(PH_1)</ALIMT>,teaseadd->
RV2I_Chitchat.logRulesInitiator.rulesStrings.22,teaseadd->,li,VoreInteractionDefs\InteractionDefs_VoreSocials.xml,def,<ALIMT >(PH_1)</ALIMT>,teaseadd->
RV2I_Chitchat.logRulesInitiator.rulesStrings.23,teaseask->teased,li,VoreInteractionDefs\InteractionDefs_VoreSocials.xml,def,<ALIMT >(PH_1)</ALIMT>teased,teaseask->被取笑
RV2I_Chitchat.logRulesInitiator.rulesStrings.24,teaseask->joked with,li,VoreInteractionDefs\InteractionDefs_VoreSocials.xml,def,<ALIMT >(PH_1)</ALIMT>joked with,teaseask->开玩笑地说
RV2I_Chitchat.logRulesInitiator.rulesStrings.25,teaseask->gaffed with,li,VoreInteractionDefs\InteractionDefs_VoreSocials.xml,def,<ALIMT >(PH_1)</ALIMT>gaffed with,teaseask->出丑
RV2I_Chitchat.logRulesInitiator.rulesStrings.26,teaseask->told a joke with,li,VoreInteractionDefs\InteractionDefs_VoreSocials.xml,def,<ALIMT >(PH_1)</ALIMT>told a joke with,teaseask->讲了一个笑话
RV2I_Chitchat.logRulesInitiator.rulesStrings.27,teasesubject->[RECIPIENT_possessive] flavor,li,VoreInteractionDefs\InteractionDefs_VoreSocials.xml,def,<ALIMT >(PH_2)</ALIMT><ALIMT >(PH_1)</ALIMT> flavor,teasesubject->[RECIPIENT_possessive]味道
RV2I_Chitchat.logRulesInitiator.rulesStrings.28,teasesubject->[RECIPIENT_possessive] comfort,li,VoreInteractionDefs\InteractionDefs_VoreSocials.xml,def,<ALIMT >(PH_2)</ALIMT><ALIMT >(PH_1)</ALIMT> comfort,teasesubject->[RECIPIENT_possessive]舒适度
RV2I_Chitchat.logRulesInitiator.rulesStrings.29,teasesubject->being full,li,VoreInteractionDefs\InteractionDefs_VoreSocials.xml,def,<ALIMT >(PH_1)</ALIMT>being full,teasesubject->已满
RV2I_Chitchat.logRulesInitiator.rulesStrings.30,teasesubject->being prey,li,VoreInteractionDefs\InteractionDefs_VoreSocials.xml,def,<ALIMT >(PH_1)</ALIMT>being prey,teasesubject->成为猎物
RV2I_Chitchat.logRulesInitiator.rulesStrings.31,teasesubject->belching,li,VoreInteractionDefs\InteractionDefs_VoreSocials.xml,def,<ALIMT >(PH_1)</ALIMT>belching,teasesubject->喷火
RV2I_Chitchat.logRulesInitiator.rulesStrings.32,teasesubject->entrapment,li,VoreInteractionDefs\InteractionDefs_VoreSocials.xml,def,<ALIMT >(PH_1)</ALIMT>entrapment,teasesubject->捕获
RV2I_Chitchat.logRulesInitiator.rulesStrings.33,teasesubject->captorism,li,VoreInteractionDefs\InteractionDefs_VoreSocials.xml,def,<ALIMT >(PH_1)</ALIMT>captorism,teasesubject->俘虏主义
RV2I_Chitchat.logRulesInitiator.rulesStrings.34,teasesubject->perma vore,li,VoreInteractionDefs\InteractionDefs_VoreSocials.xml,def,<ALIMT >(PH_1)</ALIMT>perma <ALIMT >vore</ALIMT>,teasesubject->永久吃人
RV2I_Chitchat.logRulesInitiator.rulesStrings.35,teasesubject->forgetting who [RECIPIENT_pronoun] ate,li,VoreInteractionDefs\InteractionDefs_VoreSocials.xml,def,<ALIMT >(PH_2)</ALIMT>forgetting who <ALIMT >(PH_1)</ALIMT> ate,teasesubject->遗忘了谁[RECIPIENT_pronoun]吃了
RV2I_Chitchat.logRulesInitiator.rulesStrings.36,teasesubject->living colonies,li,VoreInteractionDefs\InteractionDefs_VoreSocials.xml,def,<ALIMT >(PH_1)</ALIMT>living colonies,teasesubject->殖民地
RV2I_Chitchat.logRulesInitiator.rulesStrings.37,check->checked up on [RECIPIENT_nameDef],li,VoreInteractionDefs\InteractionDefs_VoreSocials.xml,def,<ALIMT >(PH_2)</ALIMT>checked up on <ALIMT >(PH_1)</ALIMT>,check->已体检[RECIPIENT_nameDef]
RV2I_Chitchat.logRulesInitiator.rulesStrings.38,check->asked if [RECIPIENT_nameDef] needed anything,li,VoreInteractionDefs\InteractionDefs_VoreSocials.xml,def,<ALIMT >(PH_2)</ALIMT>asked if <ALIMT >(PH_1)</ALIMT> needed anything,check->询问是否[RECIPIENT_nameDef]有需要
RV2I_Chitchat.logRulesInitiator.rulesStrings.39,check->made sure [RECIPIENT_nameDef] was comfortable,li,VoreInteractionDefs\InteractionDefs_VoreSocials.xml,def,<ALIMT >(PH_2)</ALIMT>made sure <ALIMT >(PH_1)</ALIMT> was comfortable,check->确定[RECIPIENT_nameDef]非常舒适
RV2I_Chitchat.logRulesInitiator.rulesStrings.40,check->casually talked with [INITIATOR_possessive] prey,li,VoreInteractionDefs\InteractionDefs_VoreSocials.xml,def,<ALIMT >(PH_2)</ALIMT>casually talked with <ALIMT >(PH_1)</ALIMT> prey,check->闲聊[INITIATOR_possessive]猎物
RV2I_Chitchat.logRulesInitiator.rulesStrings.41,check->gently comforted [INITIATOR_possessive] prey,li,VoreInteractionDefs\InteractionDefs_VoreSocials.xml,def,<ALIMT >(PH_2)</ALIMT>gently comforted <ALIMT >(PH_1)</ALIMT> prey,check->轻轻安慰[INITIATOR_possessive]猎物
RV2I_Chitchat.logRulesInitiator.rulesStrings.42,internal->within [INITIATOR_objective],li,VoreInteractionDefs\InteractionDefs_VoreSocials.xml,def,<ALIMT >(PH_2)</ALIMT>within <ALIMT >(PH_1)</ALIMT>,internal->以内[INITIATOR_objective]
RV2I_Chitchat.logRulesInitiator.rulesStrings.43,internal->inside [INITIATOR_objective],li,VoreInteractionDefs\InteractionDefs_VoreSocials.xml,def,<ALIMT >(PH_2)</ALIMT>inside <ALIMT >(PH_1)</ALIMT>,internal->内[INITIATOR_objective]
RV2I_Chitchat.logRulesInitiator.rulesStrings.44,internal->trapped within [INITIATOR_objective],li,VoreInteractionDefs\InteractionDefs_VoreSocials.xml,def,<ALIMT >(PH_2)</ALIMT>trapped within <ALIMT >(PH_1)</ALIMT>,internal->陷于[INITIATOR_objective]
RV2I_Chitchat.logRulesInitiator.rulesStrings.45,internal->trapped inside [INITIATOR_objective],li,VoreInteractionDefs\InteractionDefs_VoreSocials.xml,def,<ALIMT >(PH_2)</ALIMT>trapped inside <ALIMT >(PH_1)</ALIMT>,internal->陷在里面[INITIATOR_objective]
RV2I_Chitchat.logRulesInitiator.rulesStrings.46,internal->stowed within [INITIATOR_objective],li,VoreInteractionDefs\InteractionDefs_VoreSocials.xml,def,<ALIMT >(PH_2)</ALIMT>stowed within <ALIMT >(PH_1)</ALIMT>,internal->存放于[INITIATOR_objective]
RV2I_Chitchat.logRulesInitiator.rulesStrings.47,internal->stowed inside [INITIATOR_objective],li,VoreInteractionDefs\InteractionDefs_VoreSocials.xml,def,<ALIMT >(PH_2)</ALIMT>stowed inside <ALIMT >(PH_1)</ALIMT>,internal->藏在里面[INITIATOR_objective]
RV2I_DeepTalk.label,deep talk,label,VoreInteractionDefs\InteractionDefs_VoreSocials.xml,def,deep talk,深入交流
RV2I_DeepTalk.logRulesInitiator.rulesStrings.0,r_logentry->[INITIATOR_nameDef] and [RECIPIENT_nameDef] [talkedabout] [subject].,li,VoreInteractionDefs\InteractionDefs_VoreSocials.xml,def,<ALIMT >(PH_5)</ALIMT><ALIMT >(PH_4)</ALIMT> and <ALIMT >(PH_3)</ALIMT> <ALIMT >(PH_2)</ALIMT> <ALIMT >(PH_1)</ALIMT>.,r_logentry->[INITIATOR_nameDef]和[RECIPIENT_nameDef][talkedabout][subject]没有。
RV2I_DeepTalk.logRulesInitiator.rulesStrings.1,r_logentry->[INITIATOR_nameDef] [talkedabout] [subject] with [RECIPIENT_nameDef].,li,VoreInteractionDefs\InteractionDefs_VoreSocials.xml,def,<ALIMT >(PH_5)</ALIMT><ALIMT >(PH_4)</ALIMT> <ALIMT >(PH_3)</ALIMT> <ALIMT >(PH_2)</ALIMT> with <ALIMT >(PH_1)</ALIMT>.,r_logentry->[INITIATOR_nameDef][talkedabout][subject]伴[RECIPIENT_nameDef]没有。
RV2I_DeepTalk.logRulesInitiator.rulesStrings.2,talkedabout->communicated thoughts about,li,VoreInteractionDefs\InteractionDefs_VoreSocials.xml,def,<ALIMT >(PH_1)</ALIMT>communicated thoughts about,talkedabout->交流思想
RV2I_DeepTalk.logRulesInitiator.rulesStrings.3,talkedabout->exchanged thoughts about,li,VoreInteractionDefs\InteractionDefs_VoreSocials.xml,def,<ALIMT >(PH_1)</ALIMT>exchanged thoughts about,talkedabout->交换想法
RV2I_DeepTalk.logRulesInitiator.rulesStrings.4,talkedabout->exchanged ideas about,li,VoreInteractionDefs\InteractionDefs_VoreSocials.xml,def,<ALIMT >(PH_1)</ALIMT>exchanged ideas about,talkedabout->交换意见
RV2I_DeepTalk.logRulesInitiator.rulesStrings.5,talkedabout->shared views on,li,VoreInteractionDefs\InteractionDefs_VoreSocials.xml,def,<ALIMT >(PH_1)</ALIMT>shared views on,talkedabout->分享观点
RV2I_DeepTalk.logRulesInitiator.rulesStrings.6,talkedabout->shared beliefs on,li,VoreInteractionDefs\InteractionDefs_VoreSocials.xml,def,<ALIMT >(PH_1)</ALIMT>shared beliefs on,talkedabout->分享信仰
RV2I_DeepTalk.logRulesInitiator.rulesStrings.7,talkedabout->discussed the topic of,li,VoreInteractionDefs\InteractionDefs_VoreSocials.xml,def,<ALIMT >(PH_1)</ALIMT>discussed the topic of,talkedabout->讨论了以下主题
RV2I_DeepTalk.logRulesInitiator.rulesStrings.8,talkedabout->had a heartfelt conversation about,li,VoreInteractionDefs\InteractionDefs_VoreSocials.xml,def,<ALIMT >(PH_1)</ALIMT>had a heartfelt conversation about,talkedabout->进行了真诚的交谈
RV2I_DeepTalk.logRulesInitiator.rulesStrings.9,talkedabout->talked quietly about,li,VoreInteractionDefs\InteractionDefs_VoreSocials.xml,def,<ALIMT >(PH_1)</ALIMT>talked quietly about,talkedabout->窃窃私语
RV2I_DeepTalk.logRulesInitiator.rulesStrings.10,talkedabout->talked deeply about,li,VoreInteractionDefs\InteractionDefs_VoreSocials.xml,def,<ALIMT >(PH_1)</ALIMT>talked deeply about,talkedabout->深入讨论
RV2I_DeepTalk.logRulesInitiator.rulesStrings.11,talkedabout->connected on the topic of,li,VoreInteractionDefs\InteractionDefs_VoreSocials.xml,def,<ALIMT >(PH_1)</ALIMT>connected on the topic of,talkedabout->已连接
RV2I_DeepTalk.logRulesInitiator.rulesStrings.12,subject->[TalkTopicHeavy],li,VoreInteractionDefs\InteractionDefs_VoreSocials.xml,def,<ALIMT >(PH_2)</ALIMT><ALIMT >(PH_1)</ALIMT>,subject->[TalkTopicHeavy]
RV2I_SlightPred.label,slight,label,VoreInteractionDefs\InteractionDefs_VoreSocials.xml,def,slight,怠慢
RV2I_SlightPred.logRulesInitiator.rulesStrings.0,r_logentry->[INITIATOR_nameDef] [madefunof] [target]'s [PersonalCharacteristic].,li,VoreInteractionDefs\InteractionDefs_VoreSocials.xml,def,<ALIMT >(PH_5)</ALIMT><ALIMT >(PH_4)</ALIMT> <ALIMT >(PH_3)</ALIMT> <ALIMT >(PH_2)</ALIMT>'s <ALIMT >(PH_1)</ALIMT>.,r_logentry->[INITIATOR_nameDef][madefunof][target]的[PersonalCharacteristic]没有。
RV2I_SlightPred.logRulesInitiator.rulesStrings.1,target(p=4)->[RECIPIENT_nameDef],li,VoreInteractionDefs\InteractionDefs_VoreSocials.xml,def,<ALIMT >(PH_2)</ALIMT>-><ALIMT >(PH_1)</ALIMT>,target(p=4)->[RECIPIENT_nameDef]
RV2I_SlightPred.logRulesInitiator.rulesStrings.2,target->[RECIPIENT_nameDef]'s [PersonFamily],li,VoreInteractionDefs\InteractionDefs_VoreSocials.xml,def,<ALIMT >(PH_3)</ALIMT><ALIMT >(PH_2)</ALIMT>'s <ALIMT >(PH_1)</ALIMT>,target->[RECIPIENT_nameDef]的[PersonFamily]
RV2I_SlightPred.logRulesInitiator.rulesStrings.3,madefunof->made fun of,li,VoreInteractionDefs\InteractionDefs_VoreSocials.xml,def,<ALIMT >(PH_1)</ALIMT>made fun of,madefunof->取笑
RV2I_SlightPred.logRulesInitiator.rulesStrings.4,madefunof->disrespected,li,VoreInteractionDefs\InteractionDefs_VoreSocials.xml,def,<ALIMT >(PH_1)</ALIMT>disrespected,madefunof->不尊重
RV2I_SlightPred.logRulesInitiator.rulesStrings.5,madefunof->subtly scorned,li,VoreInteractionDefs\InteractionDefs_VoreSocials.xml,def,<ALIMT >(PH_1)</ALIMT>subtly scorned,madefunof->委婉地蔑视
RV2I_SlightPred.logRulesInitiator.rulesStrings.6,madefunof->subtly shamed,li,VoreInteractionDefs\InteractionDefs_VoreSocials.xml,def,<ALIMT >(PH_1)</ALIMT>subtly shamed,madefunof->巧妙地羞辱
RV2I_SlightPred.logRulesInitiator.rulesStrings.7,madefunof->spoke badly of,li,VoreInteractionDefs\InteractionDefs_VoreSocials.xml,def,<ALIMT >(PH_1)</ALIMT>spoke badly of,madefunof->嘲弄
RV2I_SlightPred.logRulesInitiator.rulesStrings.8,madefunof->spoke negatively of,li,VoreInteractionDefs\InteractionDefs_VoreSocials.xml,def,<ALIMT >(PH_1)</ALIMT>spoke negatively of,madefunof->不看好
RV2I_SlightPred.logRulesInitiator.rulesStrings.9,madefunof->laughed at,li,VoreInteractionDefs\InteractionDefs_VoreSocials.xml,def,<ALIMT >(PH_1)</ALIMT>laughed at,madefunof->被嘲笑
RV2I_SlightPred.logRulesInitiator.rulesStrings.10,madefunof->sniggered at,li,VoreInteractionDefs\InteractionDefs_VoreSocials.xml,def,<ALIMT >(PH_1)</ALIMT>sniggered at,madefunof->窃笑
RV2I_SlightPred.logRulesInitiator.rulesStrings.11,madefunof->implied negative things about,li,VoreInteractionDefs\InteractionDefs_VoreSocials.xml,def,<ALIMT >(PH_1)</ALIMT>implied negative things about,madefunof->委婉地否定
RV2I_SlightPred.logRulesInitiator.rulesStrings.12,madefunof->belittled,li,VoreInteractionDefs\InteractionDefs_VoreSocials.xml,def,<ALIMT >(PH_1)</ALIMT>belittled,madefunof->小看
RV2I_SlightPred.logRulesInitiator.rulesStrings.13,madefunof->made a contemptuous remark about,li,VoreInteractionDefs\InteractionDefs_VoreSocials.xml,def,<ALIMT >(PH_1)</ALIMT>made a contemptuous remark about,madefunof->轻蔑地评价了
RV2I_SlightPred.logRulesInitiator.rulesStrings.14,madefunof->offered a backhanded compliment about,li,VoreInteractionDefs\InteractionDefs_VoreSocials.xml,def,<ALIMT >(PH_1)</ALIMT>offered a backhanded compliment about,madefunof->提供了一个反向恭维
RV2I_SlightPrey.label,slight,label,VoreInteractionDefs\InteractionDefs_VoreSocials.xml,def,slight,怠慢
RV2I_SlightPrey.logRulesInitiator.rulesStrings.0,r_logentry->[RECIPIENT_nameDef] [madefunof] [target]'s [PersonalCharacteristic].,li,VoreInteractionDefs\InteractionDefs_VoreSocials.xml,def,<ALIMT >(PH_5)</ALIMT><ALIMT >(PH_4)</ALIMT> <ALIMT >(PH_3)</ALIMT> <ALIMT >(PH_2)</ALIMT>'s <ALIMT >(PH_1)</ALIMT>.,r_logentry->[RECIPIENT_nameDef][madefunof][target]的[PersonalCharacteristic]没有。
RV2I_SlightPrey.logRulesInitiator.rulesStrings.1,target(p=4)->[INITIATOR_nameDef],li,VoreInteractionDefs\InteractionDefs_VoreSocials.xml,def,<ALIMT >(PH_2)</ALIMT>-><ALIMT >(PH_1)</ALIMT>,target(p=4)->[INITIATOR_nameDef]
RV2I_SlightPrey.logRulesInitiator.rulesStrings.2,target->[INITIATOR_nameDef]'s [PersonFamily],li,VoreInteractionDefs\InteractionDefs_VoreSocials.xml,def,<ALIMT >(PH_3)</ALIMT><ALIMT >(PH_2)</ALIMT>'s <ALIMT >(PH_1)</ALIMT>,target->[INITIATOR_nameDef]的[PersonFamily]
RV2I_SlightPrey.logRulesInitiator.rulesStrings.3,madefunof->made fun of,li,VoreInteractionDefs\InteractionDefs_VoreSocials.xml,def,<ALIMT >(PH_1)</ALIMT>made fun of,madefunof->取笑
RV2I_SlightPrey.logRulesInitiator.rulesStrings.4,madefunof->disrespected,li,VoreInteractionDefs\InteractionDefs_VoreSocials.xml,def,<ALIMT >(PH_1)</ALIMT>disrespected,madefunof->不尊重
RV2I_SlightPrey.logRulesInitiator.rulesStrings.5,madefunof->subtly scorned,li,VoreInteractionDefs\InteractionDefs_VoreSocials.xml,def,<ALIMT >(PH_1)</ALIMT>subtly scorned,madefunof->委婉地蔑视
RV2I_SlightPrey.logRulesInitiator.rulesStrings.6,madefunof->subtly shamed,li,VoreInteractionDefs\InteractionDefs_VoreSocials.xml,def,<ALIMT >(PH_1)</ALIMT>subtly shamed,madefunof->巧妙地羞辱
RV2I_SlightPrey.logRulesInitiator.rulesStrings.7,madefunof->spoke badly of,li,VoreInteractionDefs\InteractionDefs_VoreSocials.xml,def,<ALIMT >(PH_1)</ALIMT>spoke badly of,madefunof->嘲弄
RV2I_SlightPrey.logRulesInitiator.rulesStrings.8,madefunof->spoke negatively of,li,VoreInteractionDefs\InteractionDefs_VoreSocials.xml,def,<ALIMT >(PH_1)</ALIMT>spoke negatively of,madefunof->不看好
RV2I_SlightPrey.logRulesInitiator.rulesStrings.9,madefunof->laughed at,li,VoreInteractionDefs\InteractionDefs_VoreSocials.xml,def,<ALIMT >(PH_1)</ALIMT>laughed at,madefunof->被嘲笑
RV2I_SlightPrey.logRulesInitiator.rulesStrings.10,madefunof->sniggered at,li,VoreInteractionDefs\InteractionDefs_VoreSocials.xml,def,<ALIMT >(PH_1)</ALIMT>sniggered at,madefunof->窃笑
RV2I_SlightPrey.logRulesInitiator.rulesStrings.11,madefunof->implied negative things about,li,VoreInteractionDefs\InteractionDefs_VoreSocials.xml,def,<ALIMT >(PH_1)</ALIMT>implied negative things about,madefunof->委婉地否定
RV2I_SlightPrey.logRulesInitiator.rulesStrings.12,madefunof->belittled,li,VoreInteractionDefs\InteractionDefs_VoreSocials.xml,def,<ALIMT >(PH_1)</ALIMT>belittled,madefunof->小看
RV2I_SlightPrey.logRulesInitiator.rulesStrings.13,madefunof->made a contemptuous remark about,li,VoreInteractionDefs\InteractionDefs_VoreSocials.xml,def,<ALIMT >(PH_1)</ALIMT>made a contemptuous remark about,madefunof->轻蔑地评价了
RV2I_SlightPrey.logRulesInitiator.rulesStrings.14,madefunof->offered a backhanded compliment about,li,VoreInteractionDefs\InteractionDefs_VoreSocials.xml,def,<ALIMT >(PH_1)</ALIMT>offered a backhanded compliment about,madefunof->提供了一个反向恭维
RV2I_InsultPred.label,insult,label,VoreInteractionDefs\InteractionDefs_VoreSocials.xml,def,insult,侮辱
RV2I_InsultPred.logRulesInitiator.rulesStrings.0,r_logentry(p=3)->[INITIATOR_nameDef] [insulted] [target]'s [PersonalCharacteristic].,li,VoreInteractionDefs\InteractionDefs_VoreSocials.xml,def,<ALIMT >(PH_5)</ALIMT>-><ALIMT >(PH_4)</ALIMT> <ALIMT >(PH_3)</ALIMT> <ALIMT >(PH_2)</ALIMT>'s <ALIMT >(PH_1)</ALIMT>.,r_logentry(p=3)->[INITIATOR_nameDef][insulted][target]的[PersonalCharacteristic]没有。
RV2I_InsultPred.logRulesInitiator.rulesStrings.1,r_logentry->[INITIATOR_nameDef] compared [target] to a [insultcomparison].,li,VoreInteractionDefs\InteractionDefs_VoreSocials.xml,def,<ALIMT >(PH_4)</ALIMT><ALIMT >(PH_3)</ALIMT> compared <ALIMT >(PH_2)</ALIMT> to a <ALIMT >(PH_1)</ALIMT>.,r_logentry->[INITIATOR_nameDef]已比较[target]到 a[insultcomparison]没有。
RV2I_InsultPred.logRulesInitiator.rulesStrings.2,r_logentry->[INITIATOR_nameDef] called [target] a [insultcomparison].,li,VoreInteractionDefs\InteractionDefs_VoreSocials.xml,def,<ALIMT >(PH_4)</ALIMT><ALIMT >(PH_3)</ALIMT> called <ALIMT >(PH_2)</ALIMT> a <ALIMT >(PH_1)</ALIMT>.,r_logentry->[INITIATOR_nameDef]已呼叫[target]a[insultcomparison]没有。
RV2I_InsultPred.logRulesInitiator.rulesStrings.3,target(p=4)->[RECIPIENT_nameDef],li,VoreInteractionDefs\InteractionDefs_VoreSocials.xml,def,<ALIMT >(PH_2)</ALIMT>-><ALIMT >(PH_1)</ALIMT>,target(p=4)->[RECIPIENT_nameDef]
RV2I_InsultPred.logRulesInitiator.rulesStrings.4,target->[RECIPIENT_nameDef]'s [PersonFamily],li,VoreInteractionDefs\InteractionDefs_VoreSocials.xml,def,<ALIMT >(PH_3)</ALIMT><ALIMT >(PH_2)</ALIMT>'s <ALIMT >(PH_1)</ALIMT>,target->[RECIPIENT_nameDef]的[PersonFamily]
RV2I_InsultPred.logRulesInitiator.rulesStrings.5,insulted(p=3)->insulted,li,VoreInteractionDefs\InteractionDefs_VoreSocials.xml,def,<ALIMT >(PH_1)</ALIMT>->insulted,insulted(p=3)-> 被羞辱
RV2I_InsultPred.logRulesInitiator.rulesStrings.6,insulted->openly insulted,li,VoreInteractionDefs\InteractionDefs_VoreSocials.xml,def,<ALIMT >(PH_1)</ALIMT>openly insulted,insulted->公开侮辱
RV2I_InsultPred.logRulesInitiator.rulesStrings.7,insulted->loudly insulted,li,VoreInteractionDefs\InteractionDefs_VoreSocials.xml,def,<ALIMT >(PH_1)</ALIMT>loudly insulted,insulted->大声侮辱
RV2I_InsultPred.logRulesInitiator.rulesStrings.8,insulted->flagrantly insulted,li,VoreInteractionDefs\InteractionDefs_VoreSocials.xml,def,<ALIMT >(PH_1)</ALIMT>flagrantly insulted,insulted->公然侮辱
RV2I_InsultPred.logRulesInitiator.rulesStrings.9,insulted->directly insulted,li,VoreInteractionDefs\InteractionDefs_VoreSocials.xml,def,<ALIMT >(PH_1)</ALIMT>directly insulted,insulted->当面侮辱
RV2I_InsultPred.logRulesInitiator.rulesStrings.10,insulted->viciously insulted,li,VoreInteractionDefs\InteractionDefs_VoreSocials.xml,def,<ALIMT >(PH_1)</ALIMT>viciously insulted,insulted->恶意侮辱
RV2I_InsultPred.logRulesInitiator.rulesStrings.11,insulted->flagrantly disrespected,li,VoreInteractionDefs\InteractionDefs_VoreSocials.xml,def,<ALIMT >(PH_1)</ALIMT>flagrantly disrespected,insulted->公然不尊重
RV2I_InsultPred.logRulesInitiator.rulesStrings.12,insulted->slandered,li,VoreInteractionDefs\InteractionDefs_VoreSocials.xml,def,<ALIMT >(PH_1)</ALIMT>slandered,insulted->诽谤
RV2I_InsultPred.logRulesInitiator.rulesStrings.13,insulted->hurled invective about,li,VoreInteractionDefs\InteractionDefs_VoreSocials.xml,def,<ALIMT >(PH_1)</ALIMT>hurled invective about,insulted->被辱骂
RV2I_InsultPred.logRulesInitiator.rulesStrings.14,insulted->derided,li,VoreInteractionDefs\InteractionDefs_VoreSocials.xml,def,<ALIMT >(PH_1)</ALIMT>derided,insulted->被嘲笑
RV2I_InsultPred.logRulesInitiator.rulesStrings.15,insultcomparison(p=2)->[Animal],li,VoreInteractionDefs\InteractionDefs_VoreSocials.xml,def,<ALIMT >(PH_2)</ALIMT>-><ALIMT >(PH_1)</ALIMT>,insultcomparison(p=2)->[Animal]
RV2I_InsultPred.logRulesInitiator.rulesStrings.16,insultcomparison->[Enemy],li,VoreInteractionDefs\InteractionDefs_VoreSocials.xml,def,<ALIMT >(PH_2)</ALIMT><ALIMT >(PH_1)</ALIMT>,insultcomparison->[Enemy]
RV2I_InsultPrey.label,insult,label,VoreInteractionDefs\InteractionDefs_VoreSocials.xml,def,insult,侮辱
RV2I_InsultPrey.logRulesInitiator.rulesStrings.0,r_logentry(p=3)->[RECIPIENT_nameDef] [insulted] [target]'s [PersonalCharacteristic].,li,VoreInteractionDefs\InteractionDefs_VoreSocials.xml,def,<ALIMT >(PH_5)</ALIMT>-><ALIMT >(PH_4)</ALIMT> <ALIMT >(PH_3)</ALIMT> <ALIMT >(PH_2)</ALIMT>'s <ALIMT >(PH_1)</ALIMT>.,r_logentry(p=3)->[RECIPIENT_nameDef][insulted][target]的[PersonalCharacteristic]没有。
RV2I_InsultPrey.logRulesInitiator.rulesStrings.1,r_logentry->[RECIPIENT_nameDef] compared [target] to a [insultcomparison].,li,VoreInteractionDefs\InteractionDefs_VoreSocials.xml,def,<ALIMT >(PH_4)</ALIMT><ALIMT >(PH_3)</ALIMT> compared <ALIMT >(PH_2)</ALIMT> to a <ALIMT >(PH_1)</ALIMT>.,r_logentry->[RECIPIENT_nameDef]已比较[target]到 a[insultcomparison]没有。
RV2I_InsultPrey.logRulesInitiator.rulesStrings.2,r_logentry->[RECIPIENT_nameDef] called [target] a [insultcomparison].,li,VoreInteractionDefs\InteractionDefs_VoreSocials.xml,def,<ALIMT >(PH_4)</ALIMT><ALIMT >(PH_3)</ALIMT> called <ALIMT >(PH_2)</ALIMT> a <ALIMT >(PH_1)</ALIMT>.,r_logentry->[RECIPIENT_nameDef]已呼叫[target]a[insultcomparison]没有。
RV2I_InsultPrey.logRulesInitiator.rulesStrings.3,target(p=4)->[INITIATOR_nameDef],li,VoreInteractionDefs\InteractionDefs_VoreSocials.xml,def,<ALIMT >(PH_2)</ALIMT>-><ALIMT >(PH_1)</ALIMT>,target(p=4)->[INITIATOR_nameDef]
RV2I_InsultPrey.logRulesInitiator.rulesStrings.4,target->[INITIATOR_nameDef]'s [PersonFamily],li,VoreInteractionDefs\InteractionDefs_VoreSocials.xml,def,<ALIMT >(PH_3)</ALIMT><ALIMT >(PH_2)</ALIMT>'s <ALIMT >(PH_1)</ALIMT>,target->[INITIATOR_nameDef]的[PersonFamily]
RV2I_InsultPrey.logRulesInitiator.rulesStrings.5,insulted(p=3)->insulted,li,VoreInteractionDefs\InteractionDefs_VoreSocials.xml,def,<ALIMT >(PH_1)</ALIMT>->insulted,insulted(p=3)-> 被羞辱
RV2I_InsultPrey.logRulesInitiator.rulesStrings.6,insulted->openly insulted,li,VoreInteractionDefs\InteractionDefs_VoreSocials.xml,def,<ALIMT >(PH_1)</ALIMT>openly insulted,insulted->公开侮辱
RV2I_InsultPrey.logRulesInitiator.rulesStrings.7,insulted->loudly insulted,li,VoreInteractionDefs\InteractionDefs_VoreSocials.xml,def,<ALIMT >(PH_1)</ALIMT>loudly insulted,insulted->大声侮辱
RV2I_InsultPrey.logRulesInitiator.rulesStrings.8,insulted->flagrantly insulted,li,VoreInteractionDefs\InteractionDefs_VoreSocials.xml,def,<ALIMT >(PH_1)</ALIMT>flagrantly insulted,insulted->公然侮辱
RV2I_InsultPrey.logRulesInitiator.rulesStrings.9,insulted->directly insulted,li,VoreInteractionDefs\InteractionDefs_VoreSocials.xml,def,<ALIMT >(PH_1)</ALIMT>directly insulted,insulted->当面侮辱
RV2I_InsultPrey.logRulesInitiator.rulesStrings.10,insulted->viciously insulted,li,VoreInteractionDefs\InteractionDefs_VoreSocials.xml,def,<ALIMT >(PH_1)</ALIMT>viciously insulted,insulted->恶意侮辱
RV2I_InsultPrey.logRulesInitiator.rulesStrings.11,insulted->flagrantly disrespected,li,VoreInteractionDefs\InteractionDefs_VoreSocials.xml,def,<ALIMT >(PH_1)</ALIMT>flagrantly disrespected,insulted->公然不尊重
RV2I_InsultPrey.logRulesInitiator.rulesStrings.12,insulted->slandered,li,VoreInteractionDefs\InteractionDefs_VoreSocials.xml,def,<ALIMT >(PH_1)</ALIMT>slandered,insulted->诽谤
RV2I_InsultPrey.logRulesInitiator.rulesStrings.13,insulted->hurled invective about,li,VoreInteractionDefs\InteractionDefs_VoreSocials.xml,def,<ALIMT >(PH_1)</ALIMT>hurled invective about,insulted->被辱骂
RV2I_InsultPrey.logRulesInitiator.rulesStrings.14,insulted->derided,li,VoreInteractionDefs\InteractionDefs_VoreSocials.xml,def,<ALIMT >(PH_1)</ALIMT>derided,insulted->被嘲笑
RV2I_InsultPrey.logRulesInitiator.rulesStrings.15,insultcomparison(p=2)->[Animal],li,VoreInteractionDefs\InteractionDefs_VoreSocials.xml,def,<ALIMT >(PH_2)</ALIMT>-><ALIMT >(PH_1)</ALIMT>,insultcomparison(p=2)->[Animal]
RV2I_InsultPrey.logRulesInitiator.rulesStrings.16,insultcomparison->[Enemy],li,VoreInteractionDefs\InteractionDefs_VoreSocials.xml,def,<ALIMT >(PH_2)</ALIMT><ALIMT >(PH_1)</ALIMT>,insultcomparison->[Enemy]
RV2I_Comfort.label,comfort,label,VoreInteractionDefs\InteractionDefs_VoreSocials.xml,def,comfort,舒适度
RV2I_Comfort.logRulesInitiator.rulesStrings.0,r_logentry->[INITIATOR_nameDef] [gentleAdv][embraced] [prey].,li,VoreInteractionDefs\InteractionDefs_VoreSocials.xml,def,<ALIMT >(PH_5)</ALIMT><ALIMT >(PH_4)</ALIMT> <ALIMT >(PH_3)</ALIMT><ALIMT >(PH_2)</ALIMT> <ALIMT >(PH_1)</ALIMT>.,r_logentry->[INITIATOR_nameDef][gentleAdv][embraced][prey]没有。
RV2I_Comfort.logRulesInitiator.rulesStrings.1,gentleAdv(p=2)->,li,VoreInteractionDefs\InteractionDefs_VoreSocials.xml,def,<ALIMT >(PH_1)</ALIMT>->,gentleAdv(p=2)->
RV2I_Comfort.logRulesInitiator.rulesStrings.2,gentleAdv->gently,li,VoreInteractionDefs\InteractionDefs_VoreSocials.xml,def,<ALIMT >(PH_1)</ALIMT>gently,gentleAdv->温柔地
RV2I_Comfort.logRulesInitiator.rulesStrings.3,gentleAdv->carefully,li,VoreInteractionDefs\InteractionDefs_VoreSocials.xml,def,<ALIMT >(PH_1)</ALIMT>carefully,gentleAdv->谨慎
RV2I_Comfort.logRulesInitiator.rulesStrings.4,gentleAdv->slowly,li,VoreInteractionDefs\InteractionDefs_VoreSocials.xml,def,<ALIMT >(PH_1)</ALIMT>slowly,gentleAdv->缓慢
RV2I_Comfort.logRulesInitiator.rulesStrings.5,gentleAdv->sweetly,li,VoreInteractionDefs\InteractionDefs_VoreSocials.xml,def,<ALIMT >(PH_1)</ALIMT>sweetly,gentleAdv->甜美地
RV2I_Comfort.logRulesInitiator.rulesStrings.6,gentleAdv->lovingly,li,VoreInteractionDefs\InteractionDefs_VoreSocials.xml,def,<ALIMT >(PH_1)</ALIMT>lovingly,gentleAdv->亲切地
RV2I_Comfort.logRulesInitiator.rulesStrings.7,embraced(p=4)->held,li,VoreInteractionDefs\InteractionDefs_VoreSocials.xml,def,<ALIMT >(PH_1)</ALIMT>->held,embraced(p=4)-> 举行
RV2I_Comfort.logRulesInitiator.rulesStrings.8,embraced->embraced,li,VoreInteractionDefs\InteractionDefs_VoreSocials.xml,def,<ALIMT >(PH_1)</ALIMT>embraced,embraced->拥抱
RV2I_Comfort.logRulesInitiator.rulesStrings.9,embraced->hugged,li,VoreInteractionDefs\InteractionDefs_VoreSocials.xml,def,<ALIMT >(PH_1)</ALIMT>hugged,embraced->拥抱
RV2I_Comfort.logRulesInitiator.rulesStrings.10,embraced->embraced,li,VoreInteractionDefs\InteractionDefs_VoreSocials.xml,def,<ALIMT >(PH_1)</ALIMT>embraced,embraced->拥抱
RV2I_Comfort.logRulesInitiator.rulesStrings.11,embraced->caressed,li,VoreInteractionDefs\InteractionDefs_VoreSocials.xml,def,<ALIMT >(PH_1)</ALIMT>caressed,embraced->受到爱抚
RV2I_Comfort.logRulesInitiator.rulesStrings.12,embraced->cradled,li,VoreInteractionDefs\InteractionDefs_VoreSocials.xml,def,<ALIMT >(PH_1)</ALIMT>cradled,embraced->抱着
RV2I_Comfort.logRulesInitiator.rulesStrings.13,prey(p=4)->[RECIPIENT_nameDef][internal],li,VoreInteractionDefs\InteractionDefs_VoreSocials.xml,def,<ALIMT >(PH_3)</ALIMT>-><ALIMT >(PH_2)</ALIMT><ALIMT >(PH_1)</ALIMT>,prey(p=4)->[RECIPIENT_nameDef][internal]
RV2I_Comfort.logRulesInitiator.rulesStrings.14,prey->[INITIATOR_possessive] prey[internal],li,VoreInteractionDefs\InteractionDefs_VoreSocials.xml,def,<ALIMT >(PH_3)</ALIMT><ALIMT >(PH_2)</ALIMT> prey<ALIMT >(PH_1)</ALIMT>,prey->[INITIATOR_possessive]猎物[internal]
RV2I_Comfort.logRulesInitiator.rulesStrings.15,prey->[INITIATOR_possessive] occupant[internal],li,VoreInteractionDefs\InteractionDefs_VoreSocials.xml,def,<ALIMT >(PH_3)</ALIMT><ALIMT >(PH_2)</ALIMT> occupant<ALIMT >(PH_1)</ALIMT>,prey->[INITIATOR_possessive]占用[internal]
RV2I_Comfort.logRulesInitiator.rulesStrings.16,internal(p=5)->,li,VoreInteractionDefs\InteractionDefs_VoreSocials.xml,def,<ALIMT >(PH_1)</ALIMT>->,internal(p=5)->
RV2I_Comfort.logRulesInitiator.rulesStrings.17,internal-> within [INITIATOR_objective],li,VoreInteractionDefs\InteractionDefs_VoreSocials.xml,def,<ALIMT >(PH_2)</ALIMT> within <ALIMT >(PH_1)</ALIMT>,internal->以内[INITIATOR_objective]
RV2I_Comfort.logRulesInitiator.rulesStrings.18,internal-> inside [INITIATOR_objective],li,VoreInteractionDefs\InteractionDefs_VoreSocials.xml,def,<ALIMT >(PH_2)</ALIMT> inside <ALIMT >(PH_1)</ALIMT>,internal->内[INITIATOR_objective]
RV2I_Comfort.logRulesInitiator.rulesStrings.19,internal-> trapped within [INITIATOR_objective],li,VoreInteractionDefs\InteractionDefs_VoreSocials.xml,def,<ALIMT >(PH_2)</ALIMT> trapped within <ALIMT >(PH_1)</ALIMT>,internal->陷于[INITIATOR_objective]
RV2I_Comfort.logRulesInitiator.rulesStrings.20,internal-> trapped inside [INITIATOR_objective],li,VoreInteractionDefs\InteractionDefs_VoreSocials.xml,def,<ALIMT >(PH_2)</ALIMT> trapped inside <ALIMT >(PH_1)</ALIMT>,internal->陷在里面[INITIATOR_objective]
RV2I_Comfort.logRulesInitiator.rulesStrings.21,internal-> stowed within [INITIATOR_objective],li,VoreInteractionDefs\InteractionDefs_VoreSocials.xml,def,<ALIMT >(PH_2)</ALIMT> stowed within <ALIMT >(PH_1)</ALIMT>,internal->存放于[INITIATOR_objective]
RV2I_Comfort.logRulesInitiator.rulesStrings.22,internal-> stowed inside [INITIATOR_objective],li,VoreInteractionDefs\InteractionDefs_VoreSocials.xml,def,<ALIMT >(PH_2)</ALIMT> stowed inside <ALIMT >(PH_1)</ALIMT>,internal->藏在里面[INITIATOR_objective]
RV2I_PreySquirm.label,squirm,label,VoreInteractionDefs\InteractionDefs_VoreSocials.xml,def,squirm,蠕动
RV2I_PreySquirm.logRulesInitiator.rulesStrings.0,r_logentry->[INITIATOR_nameDef] [shiver] as [prey] [squirm][inside].,li,VoreInteractionDefs\InteractionDefs_VoreSocials.xml,def,<ALIMT >(PH_6)</ALIMT><ALIMT >(PH_5)</ALIMT> <ALIMT >(PH_4)</ALIMT> as <ALIMT >(PH_3)</ALIMT> <ALIMT >(PH_2)</ALIMT><ALIMT >(PH_1)</ALIMT>.,r_logentry->[INITIATOR_nameDef][shiver]机械体[prey][squirm][inside]没有。
RV2I_PreySquirm.logRulesInitiator.rulesStrings.1,shiver(p=4)->shivered,li,VoreInteractionDefs\InteractionDefs_VoreSocials.xml,def,<ALIMT >(PH_1)</ALIMT>->shivered,shiver(p=4)-> 颤抖
RV2I_PreySquirm.logRulesInitiator.rulesStrings.2,shiver->sighs,li,VoreInteractionDefs\InteractionDefs_VoreSocials.xml,def,<ALIMT >(PH_1)</ALIMT>sighs,shiver->叹气
RV2I_PreySquirm.logRulesInitiator.rulesStrings.3,shiver->lightly bites [INITIATOR_possessive] lip,li,VoreInteractionDefs\InteractionDefs_VoreSocials.xml,def,<ALIMT >(PH_2)</ALIMT>lightly bites <ALIMT >(PH_1)</ALIMT> lip,shiver->轻微咬伤[INITIATOR_possessive]口器
RV2I_PreySquirm.logRulesInitiator.rulesStrings.4,shiver->relaxes,li,VoreInteractionDefs\InteractionDefs_VoreSocials.xml,def,<ALIMT >(PH_1)</ALIMT>relaxes,shiver->放松
RV2I_PreySquirm.logRulesInitiator.rulesStrings.5,shiver->adjusts,li,VoreInteractionDefs\InteractionDefs_VoreSocials.xml,def,<ALIMT >(PH_1)</ALIMT>adjusts,shiver->调整
RV2I_PreySquirm.logRulesInitiator.rulesStrings.6,prey(p=4)->[RECIPIENT_nameDef],li,VoreInteractionDefs\InteractionDefs_VoreSocials.xml,def,<ALIMT >(PH_2)</ALIMT>-><ALIMT >(PH_1)</ALIMT>,prey(p=4)->[RECIPIENT_nameDef]
RV2I_PreySquirm.logRulesInitiator.rulesStrings.7,prey->[INITIATOR_possessive] prey,li,VoreInteractionDefs\InteractionDefs_VoreSocials.xml,def,<ALIMT >(PH_2)</ALIMT><ALIMT >(PH_1)</ALIMT> prey,prey->[INITIATOR_possessive]猎物
RV2I_PreySquirm.logRulesInitiator.rulesStrings.8,prey->[INITIATOR_possessive] meal,li,VoreInteractionDefs\InteractionDefs_VoreSocials.xml,def,<ALIMT >(PH_2)</ALIMT><ALIMT >(PH_1)</ALIMT> meal,prey->[INITIATOR_possessive]烹饪食品
RV2I_PreySquirm.logRulesInitiator.rulesStrings.9,prey->[INITIATOR_possessive] snack,li,VoreInteractionDefs\InteractionDefs_VoreSocials.xml,def,<ALIMT >(PH_2)</ALIMT><ALIMT >(PH_1)</ALIMT> snack,prey->[INITIATOR_possessive]小食
RV2I_PreySquirm.logRulesInitiator.rulesStrings.10,squirm->squirms,li,VoreInteractionDefs\InteractionDefs_VoreSocials.xml,def,<ALIMT >(PH_1)</ALIMT>squirms,squirm->蠕动
RV2I_PreySquirm.logRulesInitiator.rulesStrings.11,squirm->wriggles,li,VoreInteractionDefs\InteractionDefs_VoreSocials.xml,def,<ALIMT >(PH_1)</ALIMT>wriggles,squirm->蠕动
RV2I_PreySquirm.logRulesInitiator.rulesStrings.12,squirm->nuzzles,li,VoreInteractionDefs\InteractionDefs_VoreSocials.xml,def,<ALIMT >(PH_1)</ALIMT>nuzzles,squirm->亲昵
RV2I_PreySquirm.logRulesInitiator.rulesStrings.13,squirm->shuffles,li,VoreInteractionDefs\InteractionDefs_VoreSocials.xml,def,<ALIMT >(PH_1)</ALIMT>shuffles,squirm->搬运
RV2I_PreySquirm.logRulesInitiator.rulesStrings.14,squirm->rubs around,li,VoreInteractionDefs\InteractionDefs_VoreSocials.xml,def,<ALIMT >(PH_1)</ALIMT>rubs around,squirm->四处打磨
RV2I_PreySquirm.logRulesInitiator.rulesStrings.15,squirm->slowly rolls,li,VoreInteractionDefs\InteractionDefs_VoreSocials.xml,def,<ALIMT >(PH_1)</ALIMT>slowly rolls,squirm->缓慢滚动
RV2I_PreySquirm.logRulesInitiator.rulesStrings.16,squirm->gently writhes,li,VoreInteractionDefs\InteractionDefs_VoreSocials.xml,def,<ALIMT >(PH_1)</ALIMT>gently writhes,squirm->轻柔蠕动
RV2I_PreySquirm.logRulesInitiator.rulesStrings.17,squirm->gently pushes out,li,VoreInteractionDefs\InteractionDefs_VoreSocials.xml,def,<ALIMT >(PH_1)</ALIMT>gently pushes out,squirm->轻轻推出
RV2I_PreySquirm.logRulesInitiator.rulesStrings.18,squirm->streches,li,VoreInteractionDefs\InteractionDefs_VoreSocials.xml,def,<ALIMT >(PH_1)</ALIMT>streches,squirm->拉伸
RV2I_PreySquirm.logRulesInitiator.rulesStrings.19,inside(p=4)->,li,VoreInteractionDefs\InteractionDefs_VoreSocials.xml,def,<ALIMT >(PH_1)</ALIMT>->,inside(p=4)->
RV2I_PreySquirm.logRulesInitiator.rulesStrings.20,inside-> within [INITIATOR_objective],li,VoreInteractionDefs\InteractionDefs_VoreSocials.xml,def,<ALIMT >(PH_2)</ALIMT> within <ALIMT >(PH_1)</ALIMT>,inside->以内[INITIATOR_objective]
RV2I_PreySquirm.logRulesInitiator.rulesStrings.21,inside-> inside [INITIATOR_objective],li,VoreInteractionDefs\InteractionDefs_VoreSocials.xml,def,<ALIMT >(PH_2)</ALIMT> inside <ALIMT >(PH_1)</ALIMT>,inside->内[INITIATOR_objective]
RV2I_PreySquirm.logRulesInitiator.rulesStrings.22,inside-> trapped within [INITIATOR_objective],li,VoreInteractionDefs\InteractionDefs_VoreSocials.xml,def,<ALIMT >(PH_2)</ALIMT> trapped within <ALIMT >(PH_1)</ALIMT>,inside->陷于[INITIATOR_objective]
RV2I_PreySquirm.logRulesInitiator.rulesStrings.23,inside-> trapped inside [INITIATOR_objective],li,VoreInteractionDefs\InteractionDefs_VoreSocials.xml,def,<ALIMT >(PH_2)</ALIMT> trapped inside <ALIMT >(PH_1)</ALIMT>,inside->陷在里面[INITIATOR_objective]
RV2I_PreySquirm.logRulesInitiator.rulesStrings.24,inside-> stowed within [INITIATOR_objective],li,VoreInteractionDefs\InteractionDefs_VoreSocials.xml,def,<ALIMT >(PH_2)</ALIMT> stowed within <ALIMT >(PH_1)</ALIMT>,inside->存放于[INITIATOR_objective]
RV2I_PreySquirm.logRulesInitiator.rulesStrings.25,inside-> stowed inside [INITIATOR_objective],li,VoreInteractionDefs\InteractionDefs_VoreSocials.xml,def,<ALIMT >(PH_2)</ALIMT> stowed inside <ALIMT >(PH_1)</ALIMT>,inside->藏在里面[INITIATOR_objective]
RV2I_Nuzzle_Pred.label,nuzzle,label,VoreInteractionDefs\InteractionDefs_VoreSocials.xml,def,nuzzle,亲昵
RV2I_Nuzzle_Pred.logRulesInitiator.rulesStrings.0,r_logentry(p=2)->[INITIATOR_nameDef] [nuzzleadverb][nuzzled] [prey].,li,VoreInteractionDefs\InteractionDefs_VoreSocials.xml,def,<ALIMT >(PH_5)</ALIMT>-><ALIMT >(PH_4)</ALIMT> <ALIMT >(PH_3)</ALIMT><ALIMT >(PH_2)</ALIMT> <ALIMT >(PH_1)</ALIMT>.,r_logentry(p=2)->[INITIATOR_nameDef][nuzzleadverb][nuzzled][prey]没有。
RV2I_Nuzzle_Pred.logRulesInitiator.rulesStrings.1,r_logentry->[INITIATOR_nameDef] [nuzzleadverb]licked over [prey].,li,VoreInteractionDefs\InteractionDefs_VoreSocials.xml,def,<ALIMT >(PH_4)</ALIMT><ALIMT >(PH_3)</ALIMT> <ALIMT >(PH_2)</ALIMT>licked over <ALIMT >(PH_1)</ALIMT>.,r_logentry->[INITIATOR_nameDef][nuzzleadverb]舔倒[prey]没有。
RV2I_Nuzzle_Pred.logRulesInitiator.rulesStrings.2,r_logentry->[INITIATOR_nameDef] [nuzzleadverb]clenched [prey] deeper into [INITIATOR_objective].,li,VoreInteractionDefs\InteractionDefs_VoreSocials.xml,def,<ALIMT >(PH_5)</ALIMT><ALIMT >(PH_4)</ALIMT> <ALIMT >(PH_3)</ALIMT>clenched <ALIMT >(PH_2)</ALIMT> deeper into <ALIMT >(PH_1)</ALIMT>.,r_logentry->[INITIATOR_nameDef][nuzzleadverb]紧绷[prey]深入[INITIATOR_objective]没有。
RV2I_Nuzzle_Pred.logRulesInitiator.rulesStrings.3,r_logentry->[INITIATOR_nameDef] [nuzzleadverb]rubbed [INITIATOR_possessive] [snout] against [prey].,li,VoreInteractionDefs\InteractionDefs_VoreSocials.xml,def,<ALIMT >(PH_6)</ALIMT><ALIMT >(PH_5)</ALIMT> <ALIMT >(PH_4)</ALIMT>rubbed <ALIMT >(PH_3)</ALIMT> <ALIMT >(PH_2)</ALIMT> against <ALIMT >(PH_1)</ALIMT>.,r_logentry->[INITIATOR_nameDef][nuzzleadverb]已蹭[INITIATOR_possessive][snout]反对[prey]没有。
RV2I_Nuzzle_Pred.logRulesInitiator.rulesStrings.4,nuzzled(p=2)->nuzzled,li,VoreInteractionDefs\InteractionDefs_VoreSocials.xml,def,<ALIMT >(PH_1)</ALIMT>->nuzzled,nuzzled(p=2)-> 被亲昵
RV2I_Nuzzle_Pred.logRulesInitiator.rulesStrings.5,nuzzled->snuggled up to,li,VoreInteractionDefs\InteractionDefs_VoreSocials.xml,def,<ALIMT >(PH_1)</ALIMT>snuggled up to,nuzzled->依偎着
RV2I_Nuzzle_Pred.logRulesInitiator.rulesStrings.6,nuzzleadverb(p=4)->,li,VoreInteractionDefs\InteractionDefs_VoreSocials.xml,def,<ALIMT >(PH_1)</ALIMT>->,nuzzleadverb(p=4)->
RV2I_Nuzzle_Pred.logRulesInitiator.rulesStrings.7,nuzzleadverb->playfully,li,VoreInteractionDefs\InteractionDefs_VoreSocials.xml,def,<ALIMT >(PH_1)</ALIMT>playfully,nuzzleadverb->顽皮
RV2I_Nuzzle_Pred.logRulesInitiator.rulesStrings.8,nuzzleadverb->gently,li,VoreInteractionDefs\InteractionDefs_VoreSocials.xml,def,<ALIMT >(PH_1)</ALIMT>gently,nuzzleadverb->温柔地
RV2I_Nuzzle_Pred.logRulesInitiator.rulesStrings.9,nuzzleadverb->encouragingly,li,VoreInteractionDefs\InteractionDefs_VoreSocials.xml,def,<ALIMT >(PH_1)</ALIMT>encouragingly,nuzzleadverb->鼓舞人心的
RV2I_Nuzzle_Pred.logRulesInitiator.rulesStrings.10,nuzzleadverb->happily,li,VoreInteractionDefs\InteractionDefs_VoreSocials.xml,def,<ALIMT >(PH_1)</ALIMT>happily,nuzzleadverb->欢快地
RV2I_Nuzzle_Pred.logRulesInitiator.rulesStrings.11,nuzzleadverb->softly,li,VoreInteractionDefs\InteractionDefs_VoreSocials.xml,def,<ALIMT >(PH_1)</ALIMT>softly,nuzzleadverb->轻柔
RV2I_Nuzzle_Pred.logRulesInitiator.rulesStrings.12,nuzzleadverb->supportively,li,VoreInteractionDefs\InteractionDefs_VoreSocials.xml,def,<ALIMT >(PH_1)</ALIMT>supportively,nuzzleadverb->支持地
RV2I_Nuzzle_Pred.logRulesInitiator.rulesStrings.13,nuzzleadverb->lightly,li,VoreInteractionDefs\InteractionDefs_VoreSocials.xml,def,<ALIMT >(PH_1)</ALIMT>lightly,nuzzleadverb->轻轻地
RV2I_Nuzzle_Pred.logRulesInitiator.rulesStrings.14,nuzzleadverb->warmly,li,VoreInteractionDefs\InteractionDefs_VoreSocials.xml,def,<ALIMT >(PH_1)</ALIMT>warmly,nuzzleadverb->暖心的
RV2I_Nuzzle_Pred.logRulesInitiator.rulesStrings.15,nuzzleadverb->plaintively,li,VoreInteractionDefs\InteractionDefs_VoreSocials.xml,def,<ALIMT >(PH_1)</ALIMT>plaintively,nuzzleadverb->哀怨地
RV2I_Nuzzle_Pred.logRulesInitiator.rulesStrings.16,nuzzleadverb->lovingly,li,VoreInteractionDefs\InteractionDefs_VoreSocials.xml,def,<ALIMT >(PH_1)</ALIMT>lovingly,nuzzleadverb->亲切地
RV2I_Nuzzle_Pred.logRulesInitiator.rulesStrings.17,nuzzleadverb->affectionately,li,VoreInteractionDefs\InteractionDefs_VoreSocials.xml,def,<ALIMT >(PH_1)</ALIMT>affectionately,nuzzleadverb->热烈地
RV2I_Nuzzle_Pred.logRulesInitiator.rulesStrings.18,snout(p=2)->nose,li,VoreInteractionDefs\InteractionDefs_VoreSocials.xml,def,<ALIMT >(PH_1)</ALIMT>->nose,snout(p=2)-> 鼻子
RV2I_Nuzzle_Pred.logRulesInitiator.rulesStrings.19,snout->snout,li,VoreInteractionDefs\InteractionDefs_VoreSocials.xml,def,<ALIMT >(PH_1)</ALIMT>snout,snout->鼻子
RV2I_Nuzzle_Pred.logRulesInitiator.rulesStrings.20,snout->head,li,VoreInteractionDefs\InteractionDefs_VoreSocials.xml,def,<ALIMT >(PH_1)</ALIMT>head,snout->锤头
RV2I_Nuzzle_Pred.logRulesInitiator.rulesStrings.21,snout->head,li,VoreInteractionDefs\InteractionDefs_VoreSocials.xml,def,<ALIMT >(PH_1)</ALIMT>head,snout->锤头
RV2I_Nuzzle_Pred.logRulesInitiator.rulesStrings.22,prey(p=2)->[RECIPIENT_nameDef],li,VoreInteractionDefs\InteractionDefs_VoreSocials.xml,def,<ALIMT >(PH_2)</ALIMT>-><ALIMT >(PH_1)</ALIMT>,prey(p=2)->[RECIPIENT_nameDef]
RV2I_Nuzzle_Pred.logRulesInitiator.rulesStrings.23,prey->[INITIATOR_possessive] prey,li,VoreInteractionDefs\InteractionDefs_VoreSocials.xml,def,<ALIMT >(PH_2)</ALIMT><ALIMT >(PH_1)</ALIMT> prey,prey->[INITIATOR_possessive]猎物
RV2I_Nuzzle_Pred.logRulesInitiator.rulesStrings.24,prey->[INITIATOR_possessive] meal,li,VoreInteractionDefs\InteractionDefs_VoreSocials.xml,def,<ALIMT >(PH_2)</ALIMT><ALIMT >(PH_1)</ALIMT> meal,prey->[INITIATOR_possessive]烹饪食品
RV2I_Nuzzle_Pred.logRulesInitiator.rulesStrings.25,prey->[INITIATOR_possessive] snack,li,VoreInteractionDefs\InteractionDefs_VoreSocials.xml,def,<ALIMT >(PH_2)</ALIMT><ALIMT >(PH_1)</ALIMT> snack,prey->[INITIATOR_possessive]小食
RV2I_Nuzzle_Prey.label,nuzzle,label,VoreInteractionDefs\InteractionDefs_VoreSocials.xml,def,nuzzle,亲昵
RV2I_Nuzzle_Prey.logRulesInitiator.rulesStrings.0,r_logentry(p=2)->[RECIPIENT_nameDef][nuzzleadverb] [nuzzled] [INITIATOR_nameDef]'s [adjt][rubbedpart].,li,VoreInteractionDefs\InteractionDefs_VoreSocials.xml,def,<ALIMT >(PH_7)</ALIMT>-><ALIMT >(PH_6)</ALIMT><ALIMT >(PH_5)</ALIMT> <ALIMT >(PH_4)</ALIMT> <ALIMT >(PH_3)</ALIMT>'s <ALIMT >(PH_2)</ALIMT><ALIMT >(PH_1)</ALIMT>.,r_logentry(p=2)->[RECIPIENT_nameDef][nuzzleadverb][nuzzled][INITIATOR_nameDef]的[adjt][rubbedpart]没有。
RV2I_Nuzzle_Prey.logRulesInitiator.rulesStrings.1,r_logentry->[INITIATOR_nameDef] [act] as [RECIPIENT_nameDef][nuzzleadverb] [nuzzled] [INITIATOR_possessive] [adjt][rubbedpart].,li,VoreInteractionDefs\InteractionDefs_VoreSocials.xml,def,<ALIMT >(PH_9)</ALIMT><ALIMT >(PH_8)</ALIMT> <ALIMT >(PH_7)</ALIMT> as <ALIMT >(PH_6)</ALIMT><ALIMT >(PH_5)</ALIMT> <ALIMT >(PH_4)</ALIMT> <ALIMT >(PH_3)</ALIMT> <ALIMT >(PH_2)</ALIMT><ALIMT >(PH_1)</ALIMT>.,r_logentry->[INITIATOR_nameDef][act]机械体[RECIPIENT_nameDef][nuzzleadverb][nuzzled][INITIATOR_possessive][adjt][rubbedpart]没有。
RV2I_Nuzzle_Prey.logRulesInitiator.rulesStrings.2,r_logentry->[RECIPIENT_nameDef][nuzzleadverb] [nuzzled] against [INITIATOR_nameDef]'s [adjt][rubbedpart].,li,VoreInteractionDefs\InteractionDefs_VoreSocials.xml,def,<ALIMT >(PH_7)</ALIMT><ALIMT >(PH_6)</ALIMT><ALIMT >(PH_5)</ALIMT> <ALIMT >(PH_4)</ALIMT> against <ALIMT >(PH_3)</ALIMT>'s <ALIMT >(PH_2)</ALIMT><ALIMT >(PH_1)</ALIMT>.,r_logentry->[RECIPIENT_nameDef][nuzzleadverb][nuzzled]反对[INITIATOR_nameDef]的[adjt][rubbedpart]没有。
RV2I_Nuzzle_Prey.logRulesInitiator.rulesStrings.3,r_logentry->[RECIPIENT_nameDef] [relax] into [INITIATOR_nameDef]'s body as [INITIATOR_pronoun][nuzzleadverb] [hold] [INITIATOR_objective].,li,VoreInteractionDefs\InteractionDefs_VoreSocials.xml,def,<ALIMT >(PH_8)</ALIMT><ALIMT >(PH_7)</ALIMT> <ALIMT >(PH_6)</ALIMT> into <ALIMT >(PH_5)</ALIMT>'s body as <ALIMT >(PH_4)</ALIMT><ALIMT >(PH_3)</ALIMT> <ALIMT >(PH_2)</ALIMT> <ALIMT >(PH_1)</ALIMT>.,r_logentry->[RECIPIENT_nameDef][relax]入[INITIATOR_nameDef]的身体为[INITIATOR_pronoun][nuzzleadverb][hold][INITIATOR_objective]没有。
RV2I_Nuzzle_Prey.logRulesInitiator.rulesStrings.4,act(p=2)->sighs,li,VoreInteractionDefs\InteractionDefs_VoreSocials.xml,def,<ALIMT >(PH_1)</ALIMT>->sighs,act(p=2)-> 叹气
RV2I_Nuzzle_Prey.logRulesInitiator.rulesStrings.5,act->squirms a little,li,VoreInteractionDefs\InteractionDefs_VoreSocials.xml,def,<ALIMT >(PH_1)</ALIMT>squirms a little,act->有点蠕动
RV2I_Nuzzle_Prey.logRulesInitiator.rulesStrings.6,act->pets over [INITIATOR_possessive] prey,li,VoreInteractionDefs\InteractionDefs_VoreSocials.xml,def,<ALIMT >(PH_2)</ALIMT>pets over <ALIMT >(PH_1)</ALIMT> prey,act->宠物结束[INITIATOR_possessive]猎物
RV2I_Nuzzle_Prey.logRulesInitiator.rulesStrings.7,act->nearly trips,li,VoreInteractionDefs\InteractionDefs_VoreSocials.xml,def,<ALIMT >(PH_1)</ALIMT>nearly trips,act->接近旅行
RV2I_Nuzzle_Prey.logRulesInitiator.rulesStrings.8,act->bites [INITIATOR_possessive] lip a little,li,VoreInteractionDefs\InteractionDefs_VoreSocials.xml,def,<ALIMT >(PH_2)</ALIMT>bites <ALIMT >(PH_1)</ALIMT> lip a little,act->咬伤[INITIATOR_possessive]有点低
RV2I_Nuzzle_Prey.logRulesInitiator.rulesStrings.9,act->instictualy clenches [INITIATOR_possessive] prey,li,VoreInteractionDefs\InteractionDefs_VoreSocials.xml,def,<ALIMT >(PH_2)</ALIMT>instictualy clenches <ALIMT >(PH_1)</ALIMT> prey,act->圣兽剑爪[INITIATOR_possessive]猎物
RV2I_Nuzzle_Prey.logRulesInitiator.rulesStrings.10,nuzzled(p=2)->nuzzled,li,VoreInteractionDefs\InteractionDefs_VoreSocials.xml,def,<ALIMT >(PH_1)</ALIMT>->nuzzled,nuzzled(p=2)-> 被亲昵
RV2I_Nuzzle_Prey.logRulesInitiator.rulesStrings.11,nuzzled->snuggled up against,li,VoreInteractionDefs\InteractionDefs_VoreSocials.xml,def,<ALIMT >(PH_1)</ALIMT>snuggled up against,nuzzled->依偎着
RV2I_Nuzzle_Prey.logRulesInitiator.rulesStrings.12,nuzzled->brushed against,li,VoreInteractionDefs\InteractionDefs_VoreSocials.xml,def,<ALIMT >(PH_1)</ALIMT>brushed against,nuzzled->擦肩而过
RV2I_Nuzzle_Prey.logRulesInitiator.rulesStrings.13,nuzzled->leaned into,li,VoreInteractionDefs\InteractionDefs_VoreSocials.xml,def,<ALIMT >(PH_1)</ALIMT>leaned into,nuzzled->倚入
RV2I_Nuzzle_Prey.logRulesInitiator.rulesStrings.14,nuzzled->streches into,li,VoreInteractionDefs\InteractionDefs_VoreSocials.xml,def,<ALIMT >(PH_1)</ALIMT>streches into,nuzzled->拉伸
RV2I_Nuzzle_Prey.logRulesInitiator.rulesStrings.15,nuzzleadverb(p=4)->,li,VoreInteractionDefs\InteractionDefs_VoreSocials.xml,def,<ALIMT >(PH_1)</ALIMT>->,nuzzleadverb(p=4)->
RV2I_Nuzzle_Prey.logRulesInitiator.rulesStrings.16,nuzzleadverb-> gently,li,VoreInteractionDefs\InteractionDefs_VoreSocials.xml,def,<ALIMT >(PH_1)</ALIMT> gently,nuzzleadverb->温柔地
RV2I_Nuzzle_Prey.logRulesInitiator.rulesStrings.17,nuzzleadverb-> encouragingly,li,VoreInteractionDefs\InteractionDefs_VoreSocials.xml,def,<ALIMT >(PH_1)</ALIMT> encouragingly,nuzzleadverb->鼓舞人心的
RV2I_Nuzzle_Prey.logRulesInitiator.rulesStrings.18,nuzzleadverb-> happily,li,VoreInteractionDefs\InteractionDefs_VoreSocials.xml,def,<ALIMT >(PH_1)</ALIMT> happily,nuzzleadverb->欢快地
RV2I_Nuzzle_Prey.logRulesInitiator.rulesStrings.19,nuzzleadverb-> softly,li,VoreInteractionDefs\InteractionDefs_VoreSocials.xml,def,<ALIMT >(PH_1)</ALIMT> softly,nuzzleadverb->轻柔
RV2I_Nuzzle_Prey.logRulesInitiator.rulesStrings.20,nuzzleadverb-> supportively,li,VoreInteractionDefs\InteractionDefs_VoreSocials.xml,def,<ALIMT >(PH_1)</ALIMT> supportively,nuzzleadverb->支持地
RV2I_Nuzzle_Prey.logRulesInitiator.rulesStrings.21,nuzzleadverb-> playfully,li,VoreInteractionDefs\InteractionDefs_VoreSocials.xml,def,<ALIMT >(PH_1)</ALIMT> playfully,nuzzleadverb->顽皮
RV2I_Nuzzle_Prey.logRulesInitiator.rulesStrings.22,nuzzleadverb-> warmly,li,VoreInteractionDefs\InteractionDefs_VoreSocials.xml,def,<ALIMT >(PH_1)</ALIMT> warmly,nuzzleadverb->暖心的
RV2I_Nuzzle_Prey.logRulesInitiator.rulesStrings.23,nuzzleadverb-> plaintively,li,VoreInteractionDefs\InteractionDefs_VoreSocials.xml,def,<ALIMT >(PH_1)</ALIMT> plaintively,nuzzleadverb->哀怨地
RV2I_Nuzzle_Prey.logRulesInitiator.rulesStrings.24,nuzzleadverb-> lovingly,li,VoreInteractionDefs\InteractionDefs_VoreSocials.xml,def,<ALIMT >(PH_1)</ALIMT> lovingly,nuzzleadverb->亲切地
RV2I_Nuzzle_Prey.logRulesInitiator.rulesStrings.25,nuzzleadverb-> affectionately,li,VoreInteractionDefs\InteractionDefs_VoreSocials.xml,def,<ALIMT >(PH_1)</ALIMT> affectionately,nuzzleadverb->热烈地
RV2I_Nuzzle_Prey.logRulesInitiator.rulesStrings.26,adjt(p=4)->,li,VoreInteractionDefs\InteractionDefs_VoreSocials.xml,def,<ALIMT >(PH_1)</ALIMT>->,adjt(p=4)->
RV2I_Nuzzle_Prey.logRulesInitiator.rulesStrings.27,adjt->warm,li,VoreInteractionDefs\InteractionDefs_VoreSocials.xml,def,<ALIMT >(PH_1)</ALIMT>warm,adjt->喜暖的
RV2I_Nuzzle_Prey.logRulesInitiator.rulesStrings.28,adjt->comfortable,li,VoreInteractionDefs\InteractionDefs_VoreSocials.xml,def,<ALIMT >(PH_1)</ALIMT>comfortable,adjt->舒适
RV2I_Nuzzle_Prey.logRulesInitiator.rulesStrings.29,adjt->snug,li,VoreInteractionDefs\InteractionDefs_VoreSocials.xml,def,<ALIMT >(PH_1)</ALIMT>snug,adjt->贴身
RV2I_Nuzzle_Prey.logRulesInitiator.rulesStrings.30,relax(p=3)->relaxes,li,VoreInteractionDefs\InteractionDefs_VoreSocials.xml,def,<ALIMT >(PH_1)</ALIMT>->relaxes,relax(p=3)-> 放松
RV2I_Nuzzle_Prey.logRulesInitiator.rulesStrings.31,relax->nuzzles softly,li,VoreInteractionDefs\InteractionDefs_VoreSocials.xml,def,<ALIMT >(PH_1)</ALIMT>nuzzles softly,relax->温柔地亲昵
RV2I_Nuzzle_Prey.logRulesInitiator.rulesStrings.32,relax->goes limp,li,VoreInteractionDefs\InteractionDefs_VoreSocials.xml,def,<ALIMT >(PH_1)</ALIMT>goes limp,relax->变得软弱无力
RV2I_Nuzzle_Prey.logRulesInitiator.rulesStrings.33,relax->rests,li,VoreInteractionDefs\InteractionDefs_VoreSocials.xml,def,<ALIMT >(PH_1)</ALIMT>rests,relax->休养
RV2I_Nuzzle_Prey.logRulesInitiator.rulesStrings.34,relax->curls up,li,VoreInteractionDefs\InteractionDefs_VoreSocials.xml,def,<ALIMT >(PH_1)</ALIMT>curls up,relax->卷曲
RV2I_Nuzzle_Prey.logRulesInitiator.rulesStrings.35,hold(p=3)->holds,li,VoreInteractionDefs\InteractionDefs_VoreSocials.xml,def,<ALIMT >(PH_1)</ALIMT>->holds,hold(p=3)-> 举行
RV2I_Nuzzle_Prey.logRulesInitiator.rulesStrings.36,hold->comforts,li,VoreInteractionDefs\InteractionDefs_VoreSocials.xml,def,<ALIMT >(PH_1)</ALIMT>comforts,hold->舒适
RV2I_Nuzzle_Prey.logRulesInitiator.rulesStrings.37,hold->pets,li,VoreInteractionDefs\InteractionDefs_VoreSocials.xml,def,<ALIMT >(PH_1)</ALIMT>pets,hold->宠物
RV2I_Nuzzle_Prey.logRulesInitiator.rulesStrings.38,hold->cradles,li,VoreInteractionDefs\InteractionDefs_VoreSocials.xml,def,<ALIMT >(PH_1)</ALIMT>cradles,hold->摇篮
RV2I_Nuzzle_Prey.logRulesInitiator.rulesStrings.39,hold->hugs,li,VoreInteractionDefs\InteractionDefs_VoreSocials.xml,def,<ALIMT >(PH_1)</ALIMT>hugs,hold->拥抱
RV2I_Nuzzle_Prey.logRulesInitiator.rulesStrings.40,rubbedpart->innards,li,VoreInteractionDefs\InteractionDefs_VoreSocials.xml,def,<ALIMT >(PH_1)</ALIMT>innards,rubbedpart->内向的
RV2I_Nuzzle_Prey.logRulesInitiator.rulesStrings.41,rubbedpart->insides,li,VoreInteractionDefs\InteractionDefs_VoreSocials.xml,def,<ALIMT >(PH_1)</ALIMT>insides,rubbedpart->内部
RV2I_Nuzzle_Prey.logRulesInitiator.rulesStrings.42,rubbedpart->inner walls,li,VoreInteractionDefs\InteractionDefs_VoreSocials.xml,def,<ALIMT >(PH_1)</ALIMT>inner walls,rubbedpart->内墙
